country_departure,country_arrival,number_of_routes
"Canada","United States","399"
"United States","Canada","399"
"United States","Mexico","341"
"Mexico","United States","339"
"Spain","United Kingdom","290"
"United Kingdom","Spain","289"
"Spain","Germany","236"
"Germany","Spain","232"
"Taiwan","China","165"
"China","Taiwan","165"
"United States","United Kingdom","161"
"United Kingdom","United States","159"
"China","Japan","146"
"Japan","China","146"
"Germany","Italy","140"
"Italy","Germany","138"
"United Kingdom","France","123"
"France","United Kingdom","122"
"South Korea","China","121"
"United Kingdom","Germany","120"
"China","South Korea","120"
"Germany","United Kingdom","119"
"Germany","United States","115"
"United States","Germany","115"
"Hong Kong","China","107"
"China","Hong Kong","107"
"Italy","Spain","103"
"Spain","Italy","103"
"Japan","South Korea","103"
"South Korea","Japan","103"
"France","Italy","87"
"Italy","France","87"
"Canada","Mexico","86"
"Japan","United States","86"
"United States","Japan","86"
"Mexico","Canada","84"
"New Zealand","Australia","84"
"France","Spain","83"
"Spain","France","83"
"Australia","New Zealand","79"
"Russia","Uzbekistan","79"
"Uzbekistan","Russia","79"
"France","United States","78"
"United States","France","77"
"Italy","United Kingdom","75"
"United Kingdom","Italy","73"
"United States","Bahamas","71"
"Bahamas","United States","71"
"Germany","Turkey","70"
"Germany","Austria","70"
"France","Algeria","69"
"Algeria","France","69"
"Austria","Germany","69"
"Turkey","Germany","68"
"United Arab Emirates","India","66"
"India","United Arab Emirates","66"
"United Kingdom","Ireland","63"
"Poland","United Kingdom","62"
"United Kingdom","Poland","62"
"Russia","Tajikistan","62"
"France","Morocco","62"
"Morocco","France","62"
"Tajikistan","Russia","61"
"Switzerland","United Kingdom","60"
"United Kingdom","Switzerland","60"
"Ireland","United Kingdom","59"
"Germany","Russia","59"
"Russia","Germany","59"
"France","Germany","56"
"Germany","Poland","55"
"Germany","France","55"
"Indonesia","Singapore","54"
"Singapore","Indonesia","54"
"Poland","Germany","54"
"United States","Brazil","52"
"Brazil","United States","52"
"United Kingdom","Netherlands","49"
"Netherlands","United Kingdom","49"
"China","United States","49"
"United States","China","49"
"United States","Spain","49"
"Spain","United States","49"
"Switzerland","Germany","49"
"Indonesia","Malaysia","48"
"Puerto Rico","United States","48"
"Germany","Switzerland","48"
"United States","Netherlands","46"
"Netherlands","United States","46"
"Malaysia","Indonesia","46"
"United States","Puerto Rico","46"
"United Kingdom","Egypt","45"
"Egypt","United Kingdom","45"
"United Kingdom","Canada","45"
"Romania","Italy","44"
"Italy","Romania","44"
"Canada","United Kingdom","44"
"Portugal","Spain","43"
"Spain","Portugal","43"
"Dominican Republic","United States","43"
"United States","Dominican Republic","43"
"United Kingdom","Portugal","42"
"Portugal","United Kingdom","42"
"Russia","Kyrgyzstan","42"
"Thailand","China","42"
"China","Thailand","42"
"Taiwan","Japan","42"
"Japan","Taiwan","42"
"Kyrgyzstan","Russia","41"
"Germany","Egypt","41"
"United Arab Emirates","Pakistan","41"
"United Arab Emirates","Saudi Arabia","41"
"United States","South Korea","40"
"South Korea","United States","40"
"Pakistan","United Arab Emirates","40"
"Russia","Ukraine","40"
"Ukraine","Russia","40"
"Saudi Arabia","United Arab Emirates","40"
"Switzerland","Spain","39"
"United States","Costa Rica","39"
"Spain","Netherlands","38"
"Spain","Switzerland","38"
"Costa Rica","United States","38"
"United States","Jamaica","38"
"Singapore","China","38"
"Netherlands","Spain","37"
"Jamaica","United States","37"
"China","Macau","37"
"Macau","China","37"
"China","Singapore","37"
"Norway","United Kingdom","36"
"United Kingdom","Norway","36"
"Canada","Cuba","36"
"Cuba","Canada","36"
"Saudi Arabia","India","36"
"India","Saudi Arabia","36"
"Guam","Japan","35"
"Japan","Guam","35"
"Russia","Armenia","35"
"Armenia","Russia","35"
"Singapore","Malaysia","35"
"Malaysia","Singapore","35"
"Ireland","Spain","34"
"Spain","Ireland","34"
"China","Russia","34"
"Egypt","Germany","34"
"Russia","China","33"
"Saudi Arabia","Pakistan","32"
"Egypt","Saudi Arabia","32"
"Tunisia","France","32"
"El Salvador","United States","32"
"United States","El Salvador","32"
"Singapore","India","32"
"India","Singapore","32"
"Saudi Arabia","Egypt","31"
"Portugal","France","31"
"France","Tunisia","31"
"France","Portugal","31"
"Singapore","Australia","31"
"Australia","Singapore","31"
"Pakistan","Saudi Arabia","30"
"Italy","United States","30"
"United States","Italy","30"
"United States","Australia","30"
"Australia","United States","30"
"Portugal","Germany","30"
"Germany","Sweden","30"
"Sweden","Germany","30"
"Italy","Belgium","29"
"Belgium","Italy","29"
"Austria","United Kingdom","29"
"United Kingdom","Austria","29"
"Switzerland","United States","29"
"United States","Switzerland","29"
"Belgium","Spain","28"
"Russia","Czech Republic","28"
"Czech Republic","Russia","28"
"United Kingdom","Sweden","28"
"Sweden","United Kingdom","28"
"Panama","United States","28"
"United States","Panama","28"
"Germany","Portugal","28"
"Brazil","Argentina","27"
"Argentina","Brazil","27"
"United States","Colombia","27"
"Colombia","United States","27"
"Morocco","Spain","27"
"Spain","Morocco","27"
"Spain","Belgium","26"
"Japan","Hong Kong","26"
"Hong Kong","Japan","26"
"France","Netherlands","26"
"Netherlands","France","26"
"United Kingdom","Denmark","25"
"Denmark","United Kingdom","25"
"Italy","Netherlands","25"
"Netherlands","Italy","25"
"Belgium","United Kingdom","25"
"Kazakhstan","Russia","25"
"South Korea","Philippines","25"
"Philippines","South Korea","25"
"Tanzania","Kenya","25"
"Germany","Netherlands","25"
"Netherlands","Germany","25"
"Denmark","Germany","25"
"Germany","Denmark","25"
"Malaysia","Thailand","24"
"Thailand","Malaysia","24"
"United Kingdom","Belgium","24"
"Austria","Spain","24"
"Spain","Austria","24"
"Russia","Kazakhstan","24"
"United States","Netherlands Antilles","24"
"India","Thailand","24"
"Thailand","India","24"
"Germany","Romania","24"
"Romania","Germany","24"
"Singapore","Thailand","24"
"Thailand","Singapore","24"
"Denmark","Norway","23"
"Ireland","United States","23"
"Guatemala","United States","23"
"United States","Guatemala","23"
"Kenya","Tanzania","23"
"Germany","Serbia","23"
"Serbia","Germany","23"
"Austria","Russia","22"
"Russia","Austria","22"
"Iran","United Arab Emirates","22"
"United Arab Emirates","Iran","22"
"Spain","Denmark","22"
"Australia","Indonesia","22"
"Norway","Denmark","22"
"Poland","Italy","22"
"Italy","Poland","22"
"Albania","Italy","22"
"Italy","Albania","22"
"China","Malaysia","22"
"Malaysia","China","22"
"Germany","Norway","22"
"Norway","Germany","22"
"Virgin Islands","United States","22"
"United Arab Emirates","Oman","22"
"United States","Belgium","22"
"Belgium","United States","22"
"Netherlands Antilles","United States","22"
"Russia","Azerbaijan","22"
"Denmark","Spain","21"
"Indonesia","Australia","21"
"Portugal","Italy","21"
"Russia","Italy","21"
"Italy","Portugal","21"
"Finland","Germany","21"
"Germany","Finland","21"
"United States","Aruba","21"
"United States","Virgin Islands","21"
"Aruba","United States","21"
"United States","Hong Kong","21"
"Hong Kong","United States","21"
"South Korea","Thailand","21"
"Thailand","South Korea","21"
"Greece","Germany","21"
"Germany","Greece","21"
"Azerbaijan","Russia","21"
"Finland","Sweden","21"
"Sweden","Finland","21"
"Norway","Spain","20"
"Spain","Norway","20"
"Hong Kong","Thailand","20"
"Thailand","Hong Kong","20"
"Australia","Thailand","20"
"Thailand","Australia","20"
"Italy","Russia","20"
"United States","Ireland","20"
"Honduras","United States","20"
"United States","Honduras","20"
"Oman","United Arab Emirates","20"
"United Kingdom","United Arab Emirates","20"
"United Arab Emirates","United Kingdom","20"
"United Kingdom","Cyprus","20"
"Cyprus","United Kingdom","20"
"Norway","Poland","19"
"Poland","Norway","19"
"Russia","United Arab Emirates","19"
"United Arab Emirates","Russia","19"
"Canada","Germany","19"
"Germany","Canada","19"
"United States","Cayman Islands","19"
"United Kingdom","India","19"
"Germany","Hungary","19"
"Hungary","Germany","19"
"Philippines","China","19"
"China","Philippines","19"
"Russia","Thailand","18"
"Thailand","Russia","18"
"Romania","Spain","18"
"Spain","Romania","18"
"Portugal","Brazil","18"
"Brazil","Portugal","18"
"Saudi Arabia","Yemen","18"
"Yemen","Saudi Arabia","18"
"Malta","United Kingdom","18"
"United Kingdom","Malta","18"
"Belgium","France","18"
"Germany","United Arab Emirates","18"
"Taiwan","United States","18"
"Cayman Islands","United States","18"
"India","Sri Lanka","18"
"Oman","India","18"
"India","Oman","18"
"Switzerland","Italy","18"
"Italy","Switzerland","18"
"Russia","Spain","17"
"Spain","Russia","17"
"Poland","Ireland","17"
"Ireland","Poland","17"
"Kuwait","Egypt","17"
"Egypt","Kuwait","17"
"Russia","Turkey","17"
"Turkey","Russia","17"
"Japan","Thailand","17"
"United Kingdom","Isle of Man","17"
"Isle of Man","United Kingdom","17"
"Spain","Sweden","17"
"Sweden","Spain","17"
"Singapore","Japan","17"
"Japan","Singapore","17"
"France","Belgium","17"
"Canada","Dominican Republic","17"
"Germany","China","17"
"China","Germany","17"
"United Arab Emirates","Germany","17"
"Germany","Tunisia","17"
"Tunisia","Germany","17"
"Peru","United States","17"
"United States","Taiwan","17"
"United States","Peru","17"
"Malaysia","India","17"
"Sri Lanka","India","17"
"India","United Kingdom","17"
"India","Malaysia","17"
"United States","Russia","17"
"Russia","United States","17"
"Vietnam","Japan","16"
"Japan","Vietnam","16"
"Thailand","Japan","16"
"China","Australia","16"
"Australia","China","16"
"Iran","Turkey","16"
"Turkey","Iran","16"
"Czech Republic","Italy","16"
"Italy","Czech Republic","16"
"Germany","India","16"
"France","Switzerland","16"
"Switzerland","France","16"
"Canada","Jamaica","16"
"Jamaica","Canada","16"
"Dominican Republic","Canada","16"
"Austria","Italy","16"
"Italy","Austria","16"
"South Africa","Mozambique","16"
"Brazil","Uruguay","15"
"Oman","Pakistan","15"
"Pakistan","Oman","15"
"Australia","Malaysia","15"
"Malaysia","Australia","15"
"Taiwan","Vietnam","15"
"Vietnam","Taiwan","15"
"Qatar","India","15"
"India","Qatar","15"
"Mozambique","South Africa","15"
"Croatia","Germany","15"
"Germany","Croatia","15"
"Vietnam","China","15"
"China","Vietnam","15"
"Germany","Belgium","14"
"Belgium","Germany","14"
"Japan","Australia","14"
"Australia","Japan","14"
"Egypt","United Arab Emirates","14"
"United Arab Emirates","Egypt","14"
"Uruguay","Brazil","14"
"Brazil","Germany","14"
"Finland","Spain","14"
"Spain","Finland","14"
"India","Germany","14"
"Rwanda","Uganda","14"
"Cameroon","Congo (Kinshasa)","14"
"Austria","Romania","14"
"Romania","Austria","14"
"Ukraine","Turkey","14"
"Turkey","Ukraine","14"
"Turkey","Cyprus","14"
"Cyprus","Turkey","14"
"Bangladesh","United Arab Emirates","14"
"Morocco","Germany","14"
"Germany","Morocco","14"
"Singapore","Philippines","14"
"Philippines","Singapore","14"
"Germany","Ukraine","13"
"Ukraine","Germany","13"
"South Korea","Vietnam","13"
"Vietnam","South Korea","13"
"Austria","Egypt","13"
"Poland","Spain","13"
"Spain","Poland","13"
"Germany","Brazil","13"
"China","Netherlands","13"
"Netherlands","China","13"
"China","United Arab Emirates","13"
"Norway","Sweden","13"
"United Arab Emirates","China","13"
"Guernsey","United Kingdom","13"
"United Kingdom","Guernsey","13"
"Jersey","United Kingdom","13"
"Hong Kong","Australia","13"
"Malta","Italy","13"
"Italy","Malta","13"
"Norway","Netherlands","13"
"Netherlands","Norway","13"
"United Kingdom","Morocco","13"
"Morocco","United Kingdom","13"
"Canada","France","13"
"France","Canada","13"
"Austria","Switzerland","13"
"United States","New Zealand","13"
"United States","United Arab Emirates","13"
"United Arab Emirates","United States","13"
"Italy","Greece","13"
"Greece","Italy","13"
"Israel","Russia","13"
"Russia","Israel","13"
"Argentina","United States","13"
"United States","Argentina","13"
"United Arab Emirates","Bangladesh","13"
"Saudi Arabia","Syria","12"
"Syria","Saudi Arabia","12"
"Austria","Ukraine","12"
"Ukraine","Austria","12"
"Turkey","Switzerland","12"
"Switzerland","Turkey","12"
"Kuwait","Saudi Arabia","12"
"Sweden","Poland","12"
"Poland","Sweden","12"
"Ukraine","United Arab Emirates","12"
"Vietnam","Thailand","12"
"Thailand","Vietnam","12"
"United Arab Emirates","Ukraine","12"
"Germany","Ireland","12"
"Ireland","Germany","12"
"Australia","Hong Kong","12"
"United Kingdom","Jersey","12"
"Italy","Turkey","12"
"Italy","Hungary","12"
"Turkey","Italy","12"
"Hungary","Italy","12"
"Panama","Colombia","12"
"Colombia","Panama","12"
"Italy","Egypt","12"
"France","Denmark","12"
"Denmark","France","12"
"Canada","China","12"
"Chile","Argentina","12"
"China","Canada","12"
"Switzerland","Austria","12"
"United Kingdom","Turkey","12"
"Turkey","United Kingdom","12"
"Puerto Rico","Virgin Islands","12"
"Israel","Germany","12"
"Germany","Israel","12"
"Switzerland","Egypt","12"
"Morocco","Italy","12"
"Italy","Morocco","12"
"Singapore","Vietnam","12"
"Vietnam","Singapore","12"
"Saudi Arabia","Kuwait","11"
"Austria","Netherlands","11"
"Netherlands","Austria","11"
"Egypt","Austria","11"
"Lithuania","United Kingdom","11"
"United Kingdom","Lithuania","11"
"Kuwait","Iran","11"
"Iran","Kuwait","11"
"Yemen","United Arab Emirates","11"
"United Arab Emirates","Yemen","11"
"Syria","United Arab Emirates","11"
"Sweden","Norway","11"
"Saudi Arabia","Bahrain","11"
"Bahrain","Saudi Arabia","11"
"Czech Republic","United Kingdom","11"
"United Kingdom","Czech Republic","11"
"Estonia","Finland","11"
"Finland","Estonia","11"
"Bahrain","United Arab Emirates","11"
"United Arab Emirates","Kuwait","11"
"United Arab Emirates","Bahrain","11"
"Egypt","Italy","11"
"Poland","France","11"
"France","Poland","11"
"France","Sweden","11"
"Sweden","France","11"
"Taiwan","South Korea","11"
"South Korea","Taiwan","11"
"Rwanda","Kenya","11"
"Belgium","Cameroon","11"
"Chile","Peru","11"
"Turks and Caicos Islands","United States","11"
"United States","Turks and Caicos Islands","11"
"Bahrain","Qatar","11"
"New Zealand","United States","11"
"Virgin Islands","Puerto Rico","11"
"South Korea","Hong Kong","11"
"Hong Kong","South Korea","11"
"Nepal","India","11"
"India","Nepal","11"
"Uruguay","Argentina","11"
"Czech Republic","Germany","11"
"Germany","Bulgaria","11"
"Germany","Czech Republic","11"
"Egypt","Switzerland","11"
"Morocco","Belgium","11"
"Belgium","Morocco","11"
"Sweden","Denmark","11"
"Denmark","Sweden","11"
"Saudi Arabia","Turkey","10"
"Turkey","Saudi Arabia","10"
"Jordan","Saudi Arabia","10"
"Austria","Turkey","10"
"Turkey","Austria","10"
"Reunion","Madagascar","10"
"Russia","South Korea","10"
"South Korea","Russia","10"
"Germany","Luxembourg","10"
"Portugal","Netherlands","10"
"Netherlands","Portugal","10"
"United Arab Emirates","Syria","10"
"United Arab Emirates","Jordan","10"
"Jordan","United Arab Emirates","10"
"Fiji","Australia","10"
"Australia","Fiji","10"
"Portugal","United States","10"
"Saudi Arabia","Germany","10"
"United States","Portugal","10"
"Australia","United Arab Emirates","10"
"United Arab Emirates","Australia","10"
"United Arab Emirates","South Africa","10"
"Kuwait","United Arab Emirates","10"
"Mexico","Spain","10"
"Spain","Mexico","10"
"Hong Kong","Malaysia","10"
"Malaysia","Hong Kong","10"
"Spain","Algeria","10"
"Algeria","Spain","10"
"Ireland","France","10"
"France","Ireland","10"
"Netherlands","United Arab Emirates","10"
"Taiwan","Hong Kong","10"
"Hong Kong","Taiwan","10"
"Congo (Kinshasa)","Cameroon","10"
"Argentina","Chile","10"
"Vietnam","Hong Kong","10"
"Chile","United States","10"
"Hong Kong","Vietnam","10"
"Qatar","Bahrain","10"
"United Kingdom","Greece","10"
"Greece","United Kingdom","10"
"Hong Kong","India","10"
"India","Hong Kong","10"
"Argentina","Uruguay","10"
"Philippines","Japan","10"
"Japan","Philippines","10"
"Singapore","Hong Kong","10"
"Hong Kong","Singapore","10"
"Hong Kong","Philippines","10"
"Philippines","Hong Kong","10"
"Ecuador","Colombia","10"
"United States","Ecuador","10"
"Ecuador","United States","10"
"Colombia","Ecuador","10"
"Saudi Arabia","Jordan","9"
"Lebanon","Saudi Arabia","9"
"Madagascar","Reunion","9"
"Portugal","Switzerland","9"
"Switzerland","Portugal","9"
"Sudan","Saudi Arabia","9"
"Saudi Arabia","Sudan","9"
"Malta","Germany","9"
"Japan","Germany","9"
"Germany","Japan","9"
"Czech Republic","Spain","9"
"Spain","Czech Republic","9"
"Luxembourg","Germany","9"
"Russia","Egypt","9"
"Egypt","Russia","9"
"Indonesia","Thailand","9"
"Thailand","Indonesia","9"
"Portugal","Belgium","9"
"Belgium","Portugal","9"
"Syria","Iran","9"
"United Arab Emirates","Sudan","9"
"Italy","Sweden","9"
"Sweden","Italy","9"
"Australia","Vanuatu","9"
"Malaysia","Japan","9"
"Japan","Malaysia","9"
"Germany","Saudi Arabia","9"
"Papua New Guinea","Australia","9"
"Australia","Papua New Guinea","9"
"Spain","Brazil","9"
"Brazil","Spain","9"
"Latvia","Germany","9"
"Latvia","Norway","9"
"Germany","Latvia","9"
"Norway","Latvia","9"
"Tanzania","Ethiopia","9"
"Bulgaria","United Kingdom","9"
"Singapore","Germany","9"
"United Kingdom","Bulgaria","9"
"Germany","Singapore","9"
"Belarus","Russia","9"
"Russia","Belarus","9"
"South Africa","United Arab Emirates","9"
"Turkey","France","9"
"France","Turkey","9"
"Canada","Switzerland","9"
"Switzerland","Canada","9"
"Burundi","Kenya","9"
"Austria","France","9"
"Dominican Republic","Germany","9"
"Germany","Dominican Republic","9"
"Germany","Thailand","9"
"France","Austria","9"
"United States","Nicaragua","9"
"Nicaragua","United States","9"
"United States","Chile","9"
"United States","Belize","9"
"Sri Lanka","United Arab Emirates","9"
"Belize","United States","9"
"United Arab Emirates","Sri Lanka","9"
"United States","India","9"
"India","United States","9"
"United States","Venezuela","9"
"Venezuela","United States","9"
"Cyprus","Greece","9"
"Haiti","United States","9"
"United States","Haiti","9"
"Bulgaria","Germany","9"
"Bangladesh","India","9"
"India","Bangladesh","9"
"Burkina Faso","Benin","9"
"Benin","Burkina Faso","9"
"Cape Verde","United Kingdom","8"
"United Kingdom","Cape Verde","8"
"Australia","Norfolk Island","8"
"Saudi Arabia","Lebanon","8"
"Poland","Ukraine","8"
"Ukraine","Poland","8"
"Germany","Malta","8"
"Turkey","Iraq","8"
"Iraq","Turkey","8"
"Ukraine","Spain","8"
"Poland","Netherlands","8"
"Netherlands","Poland","8"
"Afghanistan","Iran","8"
"Iran","Syria","8"
"United Arab Emirates","Qatar","8"
"Italy","Ireland","8"
"Ireland","Italy","8"
"Dominican Republic","Spain","8"
"Switzerland","Denmark","8"
"Denmark","Switzerland","8"
"Canada","Netherlands","8"
"Qatar","Saudi Arabia","8"
"Saudi Arabia","Qatar","8"
"Netherlands","Canada","8"
"United States","Denmark","8"
"Qatar","Germany","8"
"Denmark","United States","8"
"Latvia","United Kingdom","8"
"Latvia","Russia","8"
"United Kingdom","Latvia","8"
"Russia","Latvia","8"
"Taiwan","Thailand","8"
"Thailand","Taiwan","8"
"Qatar","United Arab Emirates","8"
"Kenya","Ethiopia","8"
"Ethiopia","Tanzania","8"
"Namibia","South Africa","8"
"Tunisia","United Kingdom","8"
"United Kingdom","Russia","8"
"United Kingdom","South Africa","8"
"United Kingdom","Tunisia","8"
"United Kingdom","Hungary","8"
"South Africa","Namibia","8"
"Russia","United Kingdom","8"
"South Africa","United Kingdom","8"
"Hungary","United Kingdom","8"
"Bulgaria","Italy","8"
"Nigeria","Ghana","8"
"Ukraine","Italy","8"
"Italy","Bulgaria","8"
"Italy","Ukraine","8"
"Italy","Serbia","8"
"Serbia","Italy","8"
"Netherlands","Denmark","8"
"Denmark","Netherlands","8"
"Finland","Denmark","8"
"Denmark","Finland","8"
"Tunisia","Italy","8"
"Italy","Tunisia","8"
"Taiwan","Malaysia","8"
"Malaysia","Taiwan","8"
"China","India","8"
"India","China","8"
"Czech Republic","France","8"
"Romania","France","8"
"Russia","France","8"
"Kuwait","Bahrain","8"
"France","Czech Republic","8"
"France","Romania","8"
"France","Russia","8"
"Bahrain","Kuwait","8"
"United Arab Emirates","Netherlands","8"
"Angola","Congo (Kinshasa)","8"
"Austria","Denmark","8"
"Austria","Sweden","8"
"Cyprus","Germany","8"
"Denmark","Austria","8"
"Thailand","Germany","8"
"Sweden","Austria","8"
"Peru","Chile","8"
"United States","Bermuda","8"
"United States","Antigua and Barbuda","8"
"Bermuda","United States","8"
"Greece","Cyprus","8"
"Kuwait","India","8"
"Belgium","Canada","8"
"India","Bahrain","8"
"Bahrain","India","8"
"Cameroon","Central African Republic","8"
"Central African Republic","Cameroon","8"
"Cuba","Mexico","8"
"Morocco","Netherlands","8"
"Taiwan","Singapore","8"
"Singapore","Taiwan","8"
"Cameroon","Benin","8"
"Benin","Cameroon","8"
"Cape Verde","Portugal","7"
"Portugal","Cape Verde","7"
"Russia","Vietnam","7"
"Vietnam","Russia","7"
"Pakistan","United Kingdom","7"
"United Kingdom","Pakistan","7"
"Laos","Thailand","7"
"Thailand","Laos","7"
"Pakistan","Qatar","7"
"Qatar","Pakistan","7"
"Mayotte","Madagascar","7"
"Israel","Ukraine","7"
"Ukraine","Israel","7"
"Vietnam","Cambodia","7"
"Cambodia","Vietnam","7"
"Peru","Brazil","7"
"Brazil","Peru","7"
"Syria","Kuwait","7"
"Spain","Turkey","7"
"Turkey","Spain","7"
"Russia","Switzerland","7"
"Switzerland","Russia","7"
"Poland","Belgium","7"
"Sweden","Belgium","7"
"Belgium","Poland","7"
"Belgium","Sweden","7"
"Bulgaria","Spain","7"
"Spain","Bulgaria","7"
"Iran","Afghanistan","7"
"Singapore","United Arab Emirates","7"
"Sudan","United Arab Emirates","7"
"Turkey","United Arab Emirates","7"
"United Arab Emirates","Singapore","7"
"United Arab Emirates","Turkey","7"
"United Arab Emirates","Iraq","7"
"Iraq","United Arab Emirates","7"
"Spain","Dominican Republic","7"
"Italy","Denmark","7"
"Denmark","Italy","7"
"Liberia","Ghana","7"
"United States","Turkey","7"
"Turkey","United States","7"
"Ghana","Liberia","7"
"Vanuatu","Australia","7"
"Cambodia","China","7"
"China","Cambodia","7"
"Pakistan","Thailand","7"
"Thailand","Pakistan","7"
"Israel","United States","7"
"Germany","Qatar","7"
"United States","Israel","7"
"Panama","Brazil","7"
"Brazil","Panama","7"
"Hong Kong","Indonesia","7"
"Indonesia","Hong Kong","7"
"Switzerland","Sweden","7"
"Sweden","Switzerland","7"
"Turkey","China","7"
"China","Turkey","7"
"Taiwan","Indonesia","7"
"Indonesia","Taiwan","7"
"Uganda","Rwanda","7"
"Ethiopia","Kenya","7"
"China","United Kingdom","7"
"Mauritius","South Africa","7"
"United Kingdom","China","7"
"United Kingdom","Mexico","7"
"United Kingdom","Barbados","7"
"South Africa","Mauritius","7"
"China","Italy","7"
"Switzerland","United Arab Emirates","7"
"Italy","China","7"
"United Arab Emirates","Switzerland","7"
"Latvia","Finland","7"
"Finland","Latvia","7"
"Finland","Switzerland","7"
"Panama","Mexico","7"
"Mexico","Panama","7"
"Malaysia","Vietnam","7"
"Vietnam","Malaysia","7"
"Romania","United Kingdom","7"
"Norway","France","7"
"United Kingdom","Romania","7"
"France","Norway","7"
"France","China","7"
"China","France","7"
"Switzerland","Netherlands","7"
"Netherlands","Switzerland","7"
"Jordan","Syria","7"
"Congo (Kinshasa)","Belgium","7"
"Cameroon","Belgium","7"
"Guinea","Gambia","7"
"Belgium","Angola","7"
"Belgium","Rwanda","7"
"Gambia","Guinea","7"
"Cote d'Ivoire","Togo","7"
"Germany","Cyprus","7"
"Germany","Jordan","7"
"Jordan","Germany","7"
"Trinidad and Tobago","United States","7"
"Fiji","United States","7"
"United States","Trinidad and Tobago","7"
"United States","Fiji","7"
"Antigua and Barbuda","United States","7"
"Albania","Greece","7"
"Spain","Greece","7"
"Greece","Albania","7"
"Greece","Spain","7"
"Canada","Belgium","7"
"India","Kuwait","7"
"India","Belgium","7"
"Burma","China","7"
"China","Burma","7"
"Finland","Russia","7"
"Russia","Finland","7"
"Bolivia","Peru","7"
"Peru","Bolivia","7"
"Taiwan","Philippines","7"
"Philippines","Taiwan","7"
"Afghanistan","United Arab Emirates","7"
"United Arab Emirates","Afghanistan","7"
"China","Indonesia","7"
"Indonesia","China","7"
"France","Guadeloupe","7"
"Guadeloupe","France","7"
"Netherlands","Morocco","7"
"Czech Republic","Poland","7"
"Poland","Czech Republic","7"
"Burkina Faso","Niger","7"
"Niger","Burkina Faso","7"
"Saudi Arabia","Sri Lanka","6"
"Sri Lanka","Saudi Arabia","6"
"Portugal","Canada","6"
"Cambodia","Laos","6"
"Laos","Cambodia","6"
"United States","Qatar","6"
"Qatar","United States","6"
"Czech Republic","Ukraine","6"
"Ukraine","Czech Republic","6"
"Norfolk Island","Australia","6"
"Mauritius","Reunion","6"
"Madagascar","Mayotte","6"
"Switzerland","Belgium","6"
"Belgium","Switzerland","6"
"Poland","United States","6"
"United States","Poland","6"
"Saudi Arabia","Oman","6"
"Oman","Saudi Arabia","6"
"Germany","South Africa","6"
"South Africa","Germany","6"
"Luxembourg","Spain","6"
"Spain","Luxembourg","6"
"Kuwait","Pakistan","6"
"Pakistan","Kuwait","6"
"Kenya","Congo (Kinshasa)","6"
"South Korea","Australia","6"
"Australia","South Korea","6"
"Turkey","Kazakhstan","6"
"Kazakhstan","Turkey","6"
"Vietnam","Australia","6"
"Australia","Vietnam","6"
"Japan","New Zealand","6"
"Spain","Venezuela","6"
"Spain","Ukraine","6"
"Netherlands","Czech Republic","6"
"Czech Republic","Netherlands","6"
"Netherlands","Egypt","6"
"Pakistan","Bahrain","6"
"Japan","Indonesia","6"
"Indonesia","Japan","6"
"Chile","Brazil","6"
"Brazil","Chile","6"
"Brazil","Paraguay","6"
"Poland","Russia","6"
"Russia","Poland","6"
"Slovakia","United Kingdom","6"
"United Kingdom","Slovakia","6"
"Fiji","New Zealand","6"
"New Zealand","Fiji","6"
"Cameroon","Gabon","6"
"Qatar","Iran","6"
"Iran","Qatar","6"
"Japan","United Arab Emirates","6"
"United Arab Emirates","Japan","6"
"United Arab Emirates","Lebanon","6"
"Sri Lanka","Maldives","6"
"Lebanon","United Arab Emirates","6"
"Poland","Denmark","6"
"Denmark","Poland","6"
"Hungary","Sweden","6"
"Serbia","Sweden","6"
"Sweden","Hungary","6"
"Sweden","Serbia","6"
"Ghana","Nigeria","6"
"Malaysia","South Korea","6"
"South Korea","Malaysia","6"
"Sierra Leone","Gambia","6"
"Gambia","Sierra Leone","6"
"Ghana","Togo","6"
"Honduras","Costa Rica","6"
"Macau","Taiwan","6"
"Taiwan","Macau","6"
"Uganda","Ethiopia","6"
"Ethiopia","Uganda","6"
"Zambia","South Africa","6"
"United Kingdom","Brazil","6"
"United Kingdom","Croatia","6"
"Jamaica","United Kingdom","6"
"South Africa","Zambia","6"
"South Africa","Zimbabwe","6"
"Zimbabwe","South Africa","6"
"Brazil","United Kingdom","6"
"Croatia","United Kingdom","6"
"Barbados","United Kingdom","6"
"Latvia","Italy","6"
"Luxembourg","Italy","6"
"Italy","Latvia","6"
"Italy","Luxembourg","6"
"Thailand","United Arab Emirates","6"
"United Arab Emirates","Thailand","6"
"Sweden","Netherlands","6"
"Netherlands","Sweden","6"
"United Kingdom","Finland","6"
"Japan","Finland","6"
"Finland","United Kingdom","6"
"Finland","Japan","6"
"Switzerland","Finland","6"
"Peru","Argentina","6"
"Argentina","Peru","6"
"Russia","India","6"
"Singapore","South Korea","6"
"Mauritius","India","6"
"South Korea","Singapore","6"
"India","Russia","6"
"India","Mauritius","6"
"Reunion","France","6"
"Dominican Republic","France","6"
"French Polynesia","United States","6"
"France","Reunion","6"
"United States","French Polynesia","6"
"Sudan","Ethiopia","6"
"Japan","France","6"
"Vietnam","France","6"
"France","Netherlands Antilles","6"
"France","Dominican Republic","6"
"France","Japan","6"
"France","Vietnam","6"
"France","United Arab Emirates","6"
"United Arab Emirates","France","6"
"Ethiopia","Sudan","6"
"Canada","Bahamas","6"
"Saudi Arabia","United Kingdom","6"
"Liberia","Cote d'Ivoire","6"
"Burkina Faso","Belgium","6"
"Kenya","Belgium","6"
"United Kingdom","Saudi Arabia","6"
"Togo","Belgium","6"
"Bahamas","Canada","6"
"Uganda","Belgium","6"
"Belgium","Liberia","6"
"Belgium","Burkina Faso","6"
"Belgium","Burundi","6"
"Belgium","Gambia","6"
"Belgium","Cote d'Ivoire","6"
"Gambia","Belgium","6"
"Cote d'Ivoire","Belgium","6"
"Cuba","Germany","6"
"Austria","Bulgaria","6"
"Austria","Serbia","6"
"Bulgaria","Austria","6"
"Serbia","Austria","6"
"Germany","Cuba","6"
"Canada","Japan","6"
"Canada","Hong Kong","6"
"Puerto Rico","Dominican Republic","6"
"Japan","Canada","6"
"United States","Jordan","6"
"Hong Kong","Canada","6"
"United States","Barbados","6"
"Jordan","United States","6"
"Ukraine","Georgia","6"
"Georgia","Ukraine","6"
"Turkey","Greece","6"
"Greece","Turkey","6"
"Belgium","India","6"
"Moldova","Italy","6"
"Italy","Moldova","6"
"Cyprus","Russia","6"
"Russia","Cyprus","6"
"Netherlands Antilles","Venezuela","6"
"Venezuela","Netherlands Antilles","6"
"Burma","Thailand","6"
"Thailand","Burma","6"
"Argentina","Bolivia","6"
"Philippines","Malaysia","6"
"Macau","Philippines","6"
"Philippines","Macau","6"
"Philippines","Thailand","6"
"Thailand","Philippines","6"
"Malaysia","Philippines","6"
"Serbia","Switzerland","6"
"Switzerland","Serbia","6"
"Mexico","Cuba","6"
"Saudi Arabia","Bangladesh","6"
"Bangladesh","Saudi Arabia","6"
"Bangladesh","Thailand","6"
"Thailand","Bangladesh","6"
"Netherlands Antilles","Aruba","6"
"Aruba","Netherlands Antilles","6"
"Singapore","Cambodia","6"
"Canada","Portugal","5"
"Iraq","Jordan","5"
"Jordan","Iraq","5"
"Laos","Vietnam","5"
"Vietnam","Laos","5"
"Portugal","Denmark","5"
"Denmark","Portugal","5"
"New Caledonia","Australia","5"
"Australia","New Caledonia","5"
"Ukraine","Kazakhstan","5"
"Kazakhstan","Ukraine","5"
"Egypt","Syria","5"
"Syria","Egypt","5"
"Reunion","Mauritius","5"
"Romania","Hungary","5"
"Hungary","Romania","5"
"Egypt","Libya","5"
"Libya","Egypt","5"
"Cambodia","South Korea","5"
"South Korea","Cambodia","5"
"Bhutan","India","5"
"India","Bhutan","5"
"Montenegro","Serbia","5"
"Serbia","Montenegro","5"
"Philippines","Australia","5"
"Australia","Philippines","5"
"Kuwait","Syria","5"
"Egypt","Yemen","5"
"Yemen","Egypt","5"
"Iran","Germany","5"
"Germany","Iran","5"
"Israel","Spain","5"
"Spain","Egypt","5"
"Venezuela","Spain","5"
"Egypt","Spain","5"
"Spain","Israel","5"
"Russia","Japan","5"
"Japan","Russia","5"
"Turkey","Netherlands","5"
"Egypt","Netherlands","5"
"Netherlands","Turkey","5"
"Bahrain","Pakistan","5"
"Paraguay","Brazil","5"
"Russia","Bulgaria","5"
"Bulgaria","Russia","5"
"Nepal","United Arab Emirates","5"
"United Arab Emirates","Kazakhstan","5"
"Kazakhstan","United Arab Emirates","5"
"Sudan","South Sudan","5"
"South Sudan","Sudan","5"
"Kenya","United Arab Emirates","5"
"Maldives","Sri Lanka","5"
"Malaysia","United Arab Emirates","5"
"United Arab Emirates","Kenya","5"
"United Arab Emirates","Malaysia","5"
"Sudan","Egypt","5"
"Egypt","Sudan","5"
"Egypt","Jordan","5"
"Jordan","Egypt","5"
"Estonia","Norway","5"
"Austria","Norway","5"
"Norway","Estonia","5"
"Norway","Austria","5"
"China","Kazakhstan","5"
"Kyrgyzstan","China","5"
"Kazakhstan","China","5"
"Hong Kong","Russia","5"
"Russia","Hong Kong","5"
"Argentina","Cuba","5"
"Austria","United States","5"
"Kazakhstan","Germany","5"
"Liberia","Belgium","5"
"United States","Austria","5"
"United States","Ghana","5"
"Germany","Kazakhstan","5"
"Germany","Nigeria","5"
"United States","Sweden","5"
"Mali","Ghana","5"
"Sweden","United States","5"
"Ghana","United States","5"
"Ghana","Mali","5"
"Nigeria","Germany","5"
"Cote d'Ivoire","Liberia","5"
"Costa Rica","Honduras","5"
"China","New Zealand","5"
"Pakistan","China","5"
"China","Pakistan","5"
"New Zealand","China","5"
"Lithuania","Sweden","5"
"Sweden","Lithuania","5"
"South Africa","Botswana","5"
"Botswana","South Africa","5"
"Ethiopia","Italy","5"
"Israel","United Kingdom","5"
"Singapore","United Kingdom","5"
"United Kingdom","Israel","5"
"United Kingdom","Singapore","5"
"United Kingdom","Ukraine","5"
"United Kingdom","Japan","5"
"United Kingdom","Hong Kong","5"
"United Kingdom","Gibraltar","5"
"United Kingdom","Thailand","5"
"United Kingdom","Nigeria","5"
"United Kingdom","Jamaica","5"
"Ukraine","United Kingdom","5"
"Japan","United Kingdom","5"
"Hong Kong","United Kingdom","5"
"Gibraltar","United Kingdom","5"
"Mexico","United Kingdom","5"
"Thailand","United Kingdom","5"
"Nigeria","United Kingdom","5"
"Cuba","Italy","5"
"Kenya","Italy","5"
"Italy","United Arab Emirates","5"
"Cyprus","Italy","5"
"Italy","Cyprus","5"
"United Arab Emirates","Italy","5"
"Jordan","Italy","5"
"Estonia","Sweden","5"
"Finland","Italy","5"
"Finland","Belgium","5"
"Italy","Finland","5"
"Belgium","Finland","5"
"Sweden","Estonia","5"
"Guatemala","El Salvador","5"
"Venezuela","Colombia","5"
"Colombia","Venezuela","5"
"Colombia","Spain","5"
"Spain","Colombia","5"
"Argentina","Spain","5"
"Spain","Argentina","5"
"Mexico","Peru","5"
"Peru","Mexico","5"
"India","Ethiopia","5"
"Ethiopia","India","5"
"Netherlands Antilles","France","5"
"Cambodia","Thailand","5"
"Kenya","Rwanda","5"
"Zambia","Kenya","5"
"Zambia","Zimbabwe","5"
"Malawi","Zambia","5"
"Rwanda","Burundi","5"
"Djibouti","Ethiopia","5"
"Syria","Jordan","5"
"Mexico","France","5"
"France","Cameroon","5"
"France","Mexico","5"
"France","Egypt","5"
"Thailand","Cambodia","5"
"Burundi","Rwanda","5"
"Lithuania","Germany","5"
"Iran","Armenia","5"
"Germany","Lithuania","5"
"Armenia","Iran","5"
"Saint Lucia","United States","5"
"United States","Saint Lucia","5"
"Spain","Hungary","5"
"Dominican Republic","Puerto Rico","5"
"United Kingdom","Bahrain","5"
"Barbados","United States","5"
"Bahrain","United Kingdom","5"
"Bulgaria","Greece","5"
"France","Greece","5"
"Greece","Bulgaria","5"
"Greece","France","5"
"Greece","Russia","5"
"Russia","Greece","5"
"Moldova","Russia","5"
"Russia","Moldova","5"
"Israel","Italy","5"
"Italy","Israel","5"
"Norway","Russia","5"
"Russia","Norway","5"
"Bolivia","Argentina","5"
"Brazil","Bolivia","5"
"Kenya","South Sudan","5"
"South Sudan","Kenya","5"
"Afghanistan","India","5"
"India","Afghanistan","5"
"Cambodia","Singapore","5"
"Gabon","Benin","5"
"Senegal","Mali","5"
"Benin","Gabon","5"
"Mali","Senegal","5"
"Yemen","Somalia","4"
"Cape Verde","Spain","4"
"Spain","Cape Verde","4"
"Switzerland","Tunisia","4"
"Tunisia","Switzerland","4"
"El Salvador","Honduras","4"
"Honduras","El Salvador","4"
"Saudi Arabia","United States","4"
"Saudi Arabia","Italy","4"
"United States","Saudi Arabia","4"
"Italy","Saudi Arabia","4"
"Russia","Dominican Republic","4"
"Dominican Republic","Russia","4"
"Indonesia","Russia","4"
"Singapore","United States","4"
"United States","Singapore","4"
"Turkey","Syria","4"
"Syria","Turkey","4"
"Qatar","China","4"
"Qatar","Syria","4"
"China","Qatar","4"
"Australia","South Africa","4"
"South Africa","Australia","4"
"Turkey","Pakistan","4"
"Pakistan","Turkey","4"
"Georgia","Turkey","4"
"Turkey","Georgia","4"
"Croatia","Italy","4"
"Italy","Croatia","4"
"Macau","Japan","4"
"Japan","Macau","4"
"Japan","Turkey","4"
"Turkey","Japan","4"
"Laos","China","4"
"China","Laos","4"
"Turkey","Egypt","4"
"Qatar","Egypt","4"
"Egypt","Turkey","4"
"Egypt","Qatar","4"
"Malaysia","Pakistan","4"
"Pakistan","Malaysia","4"
"Madagascar","Comoros","4"
"Comoros","Madagascar","4"
"Ukraine","Hungary","4"
"Hungary","Ukraine","4"
"Israel","Switzerland","4"
"Switzerland","Israel","4"
"Costa Rica","El Salvador","4"
"El Salvador","Costa Rica","4"
"Peru","Costa Rica","4"
"Poland","Switzerland","4"
"Austria","Poland","4"
"Poland","Austria","4"
"Switzerland","Poland","4"
"Tunisia","Libya","4"
"Libya","Tunisia","4"
"Peru","Ecuador","4"
"Ecuador","Peru","4"
"Ecuador","Venezuela","4"
"Venezuela","Ecuador","4"
"Macedonia","Italy","4"
"Italy","Macedonia","4"
"Kenya","Mozambique","4"
"Mozambique","Kenya","4"
"Congo (Kinshasa)","Kenya","4"
"Netherlands Antilles","Netherlands","4"
"Netherlands","Netherlands Antilles","4"
"Macau","South Korea","4"
"South Korea","Macau","4"
"Turkey","Serbia","4"
"Belgium","Serbia","4"
"Serbia","Turkey","4"
"Netherlands","Belgium","4"
"Indonesia","Saudi Arabia","4"
"Slovenia","Germany","4"
"Germany","Slovenia","4"
"New Zealand","Japan","4"
"Azerbaijan","Turkey","4"
"Turkey","Azerbaijan","4"
"Lebanon","Jordan","4"
"Jordan","Lebanon","4"
"Jordan","Yemen","4"
"Yemen","Jordan","4"
"Mauritius","Italy","4"
"Italy","Mauritius","4"
"Italy","Jordan","4"
"Spain","Ecuador","4"
"Hungary","Spain","4"
"Spain","Jordan","4"
"Jordan","Spain","4"
"Philippines","United States","4"
"Bahrain","Yemen","4"
"Yemen","Bahrain","4"
"South Korea","Indonesia","4"
"Indonesia","South Korea","4"
"Estonia","Russia","4"
"Russia","Estonia","4"
"Russia","Denmark","4"
"Russia","Hungary","4"
"Russia","Sweden","4"
"Russia","Netherlands","4"
"Denmark","Russia","4"
"Hungary","Russia","4"
"Sweden","Russia","4"
"Netherlands","Russia","4"
"Lithuania","Italy","4"
"Estonia","United Kingdom","4"
"Estonia","Germany","4"
"United Kingdom","Estonia","4"
"Germany","Estonia","4"
"Italy","Lithuania","4"
"Iceland","United Kingdom","4"
"Iceland","United States","4"
"United Kingdom","Iceland","4"
"United States","Iceland","4"
"Hungary","Bulgaria","4"
"Bulgaria","Hungary","4"
"Belgium","United Arab Emirates","4"
"United Arab Emirates","Nepal","4"
"United Arab Emirates","Belgium","4"
"Gabon","Cameroon","4"
"Gabon","Congo (Kinshasa)","4"
"Saudi Arabia","Ethiopia","4"
"Italy","Ethiopia","4"
"Congo (Kinshasa)","Gabon","4"
"Ethiopia","Djibouti","4"
"Ethiopia","Saudi Arabia","4"
"Iran","Iraq","4"
"Iraq","Iran","4"
"Czech Republic","United Arab Emirates","4"
"Philippines","United Arab Emirates","4"
"South Korea","United Arab Emirates","4"
"United Arab Emirates","Czech Republic","4"
"United Arab Emirates","Philippines","4"
"United Arab Emirates","South Korea","4"
"United Arab Emirates","Indonesia","4"
"United Arab Emirates","Greece","4"
"Greece","United Arab Emirates","4"
"Lithuania","Ireland","4"
"Switzerland","Ireland","4"
"Ireland","Lithuania","4"
"Ireland","Switzerland","4"
"Lithuania","Norway","4"
"Norway","Lithuania","4"
"Norway","Italy","4"
"Italy","Norway","4"
"Uzbekistan","Kazakhstan","4"
"Kazakhstan","Azerbaijan","4"
"Azerbaijan","Kazakhstan","4"
"Kazakhstan","Uzbekistan","4"
"Zimbabwe","Zambia","4"
"Mali","Cote d'Ivoire","4"
"Cote d'Ivoire","Mali","4"
"Northern Mariana Islands","Japan","4"
"Netherlands","India","4"
"China","Kyrgyzstan","4"
"Cyprus","United Arab Emirates","4"
"Singapore","Sri Lanka","4"
"Sri Lanka","Singapore","4"
"Spain","Cuba","4"
"United Kingdom","Cuba","4"
"Cuba","United Kingdom","4"
"Micronesia","Guam","4"
"Nigeria","United States","4"
"Marshall Islands","Micronesia","4"
"Micronesia","Marshall Islands","4"
"United States","Nigeria","4"
"Azerbaijan","Germany","4"
"Guam","Micronesia","4"
"Germany","Azerbaijan","4"
"Belgium","Mali","4"
"Belgium","Ghana","4"
"Mali","Belgium","4"
"Dominican Republic","Panama","4"
"Panama","Dominican Republic","4"
"Panama","Ecuador","4"
"Panama","Venezuela","4"
"Ecuador","Panama","4"
"Venezuela","Panama","4"
"Czech Republic","Sweden","4"
"Sweden","Czech Republic","4"
"China","Egypt","4"
"Egypt","China","4"
"Equatorial Guinea","Cameroon","4"
"Cameroon","Equatorial Guinea","4"
"Trinidad and Tobago","Grenada","4"
"Grenada","Trinidad and Tobago","4"
"Lithuania","Belgium","4"
"Latvia","Denmark","4"
"Latvia","Sweden","4"
"Belgium","Lithuania","4"
"Denmark","Latvia","4"
"Sweden","Latvia","4"
"Taiwan","Australia","4"
"Australia","Taiwan","4"
"Indonesia","Brunei","4"
"Brunei","Indonesia","4"
"United Kingdom","Qatar","4"
"Qatar","United Kingdom","4"
"Trinidad and Tobago","Barbados","4"
"Kenya","United Kingdom","4"
"Maldives","United Kingdom","4"
"United Kingdom","Kenya","4"
"United Kingdom","Jordan","4"
"Hungary","Serbia","4"
"Belgium","Denmark","4"
"Denmark","Belgium","4"
"Jordan","United Kingdom","4"
"Belarus","Germany","4"
"Germany","Belarus","4"
"Vietnam","Germany","4"
"Brazil","Italy","4"
"Germany","Vietnam","4"
"Italy","Kenya","4"
"Italy","Cuba","4"
"Italy","Brazil","4"
"Netherlands","Kazakhstan","4"
"Kazakhstan","Netherlands","4"
"Poland","Finland","4"
"China","Finland","4"
"Norway","Finland","4"
"Finland","Poland","4"
"Finland","China","4"
"Finland","Norway","4"
"Costa Rica","Colombia","4"
"El Salvador","Nicaragua","4"
"Brazil","Colombia","4"
"Colombia","Costa Rica","4"
"Colombia","Brazil","4"
"Congo (Brazzaville)","Congo (Kinshasa)","4"
"Western Sahara","Morocco","4"
"Congo (Kinshasa)","Congo (Brazzaville)","4"
"Morocco","Western Sahara","4"
"Paraguay","Argentina","4"
"Argentina","Paraguay","4"
"Panama","Nicaragua","4"
"Mexico","Colombia","4"
"Colombia","Mexico","4"
"Cambodia","Malaysia","4"
"Malaysia","Cambodia","4"
"Malaysia","Brunei","4"
"Brunei","Malaysia","4"
"Switzerland","India","4"
"Austria","India","4"
"Turkey","India","4"
"India","Switzerland","4"
"India","Austria","4"
"India","Turkey","4"
"Croatia","France","4"
"Madagascar","France","4"
"Israel","France","4"
"Zambia","Malawi","4"
"Saudi Arabia","France","4"
"Brazil","France","4"
"Martinique","France","4"
"Mayotte","Comoros","4"
"Cameroon","France","4"
"France","Croatia","4"
"France","Israel","4"
"France","Saudi Arabia","4"
"France","Brazil","4"
"France","Martinique","4"
"France","India","4"
"France","Thailand","4"
"Egypt","France","4"
"India","France","4"
"Thailand","France","4"
"Lebanon","France","4"
"Canada","South Korea","4"
"Canada","Turks and Caicos Islands","4"
"Turks and Caicos Islands","Canada","4"
"South Korea","Canada","4"
"Switzerland","Hungary","4"
"Germany","Kenya","4"
"Germany","Mexico","4"
"Mexico","Germany","4"
"Hungary","Switzerland","4"
"Saint Kitts and Nevis","United States","4"
"United States","Saint Kitts and Nevis","4"
"Russia","Georgia","4"
"Georgia","Russia","4"
"Belgium","Greece","4"
"Serbia","Greece","4"
"Greece","Belgium","4"
"Greece","Serbia","4"
"Italy","India","4"
"India","Italy","4"
"India","Japan","4"
"British Virgin Islands","Puerto Rico","4"
"Cameroon","Chad","4"
"Cuba","Dominican Republic","4"
"Dominican Republic","Netherlands Antilles","4"
"Bolivia","Brazil","4"
"Kenya","Uganda","4"
"Costa Rica","Panama","4"
"Nicaragua","Costa Rica","4"
"Panama","Costa Rica","4"
"China","Tajikistan","4"
"Tajikistan","Kazakhstan","4"
"Kazakhstan","Tajikistan","4"
"Bangladesh","Nepal","4"
"Saint Lucia","Martinique","4"
"Guadeloupe","Martinique","4"
"Martinique","Saint Lucia","4"
"Martinique","Guadeloupe","4"
"Montenegro","Russia","4"
"Russia","Montenegro","4"
"Singapore","Burma","4"
"Burma","Singapore","4"
"Romania","Moldova","4"
"Turkey","Moldova","4"
"Moldova","Romania","4"
"Moldova","Turkey","4"
"Burkina Faso","Mali","4"
"Burkina Faso","Cote d'Ivoire","4"
"Cote d'Ivoire","Burkina Faso","4"
